Name,Team,POS,PTS,PTS/G,GamesPlayed,Completions,PassYDS,PassTD,INT,RushATT,RushYDS,RushTD,FUM,TGT,Receptions,RecYDS,RecTD,TotalYds,
Patrick Mahomes,KC,QB,497.8,29.3,17,435,5250,41,12,61,358,4,0,1,1,6,0,5614,
Josh Allen,BUF,QB,465.5,29.1,16,359,4283,35,14,124,762,7,5,0,0,0,0,5045,
Jalen Hurts,PHI,QB,422,28.1,15,306,3701,22,6,165,760,13,2,0,0,0,0,4461,
Joe Burrow,CIN,QB,420.7,26.3,16,414,4475,35,12,75,257,5,3,0,0,0,0,4732,
Geno Smith,SEA,QB,363.9,21.4,17,399,4282,30,11,68,366,1,4,0,0,0,0,4648,
Kirk Cousins,MIN,QB,349.6,20.6,17,424,4547,29,14,31,97,2,3,0,0,0,0,4644,
Trevor Lawrence,JAX,QB,345.6,20.3,17,387,4113,25,8,62,291,5,9,0,0,0,0,4404,
Jared Goff,DET,QB,340.8,20,17,382,4438,29,7,29,73,0,4,1,1,5,0,4516,
Justin Herbert,LAC,QB,330.3,19.4,17,477,4739,25,10,54,147,0,3,2,2,-10,0,4876,
Justin Fields,CHI,QB,330,22,15,192,2242,17,11,160,1143,8,2,0,0,0,0,3385,
Tom Brady,TB,QB,321.7,18.9,17,490,4694,25,9,29,-1,1,4,1,0,0,0,4693,
Austin Ekeler,LAC,RB,319.2,18.8,17,0,0,0,0,204,915,13,3,128,107,722,5,1637,
Daniel Jones,NYG,QB,319,19.9,16,317,3205,15,5,120,708,7,3,0,0,0,0,3913,
Christian McCaffrey,CAR,RB,308.5,18.1,17,1,34,1,0,244,1139,8,0,108,85,741,5,1914,
Justin Jefferson,MIN,WR,303.3,17.8,17,2,34,0,0,4,24,1,0,184,128,1809,8,1867,
Josh Jacobs,LV,RB,301.8,17.8,17,0,0,0,0,340,1653,12,1,65,53,400,0,2053,
Aaron Rodgers,GB,QB,291.2,17.1,17,350,3695,26,12,34,94,1,4,0,0,0,0,3789,
Tyreek Hill,MIA,WR,287.7,16.9,17,0,0,0,0,7,32,2,0,170,119,1710,7,1742,
Davante Adams,LV,WR,285.5,16.8,17,0,0,0,0,3,-1,0,0,180,100,1516,14,1515,
Derrick Henry,TEN,RB,282.1,17.6,16,2,4,1,0,349,1538,13,3,41,33,398,0,1940,
Tua Tagovailoa,MIA,QB,280.9,21.6,13,259,3548,25,8,24,70,0,1,0,0,0,0,3618,
Lamar Jackson,BAL,QB,270.1,22.5,12,203,2242,17,7,112,764,3,2,0,0,0,0,3006,
Nick Chubb,CLE,RB,267.9,15.8,17,0,0,0,0,302,1525,12,1,37,27,239,1,1764,
Derek Carr,LV,QB,267.1,17.8,15,305,3522,24,14,24,102,0,0,0,0,0,0,3624,
Stefon Diggs,BUF,WR,262.6,16.4,16,0,0,0,0,1,-3,0,0,153,108,1429,11,1426,
Travis Kelce,KC,TE,261.3,15.4,17,0,0,0,0,2,5,0,1,152,110,1338,12,1343,
Russell Wilson,DEN,QB,256.7,17.1,15,292,3524,16,11,55,277,3,2,1,1,1,0,3802,
A.J. Brown,PHI,WR,255.6,15,17,0,0,0,0,0,0,0,2,146,88,1496,11,1496,
Saquon Barkley,NYG,RB,255.5,16,16,0,0,0,0,295,1312,10,0,76,57,338,0,1650,
CeeDee Lamb,DAL,WR,248.1,14.6,17,0,0,0,0,10,47,0,0,156,107,1359,9,1406,
Dak Prescott,DAL,QB,244.6,20.4,12,261,2860,23,15,45,182,1,1,0,0,0,0,3042,
Tony Pollard,DAL,RB,229.3,14.3,16,0,0,0,0,193,1007,9,0,55,39,371,3,1378,
Kyler Murray,ARI,QB,228.5,20.8,11,259,2368,14,7,67,418,3,2,0,0,0,0,2786,
Marcus Mariota,ATL,QB,226.6,17.4,13,184,2219,15,9,85,438,4,3,0,0,0,0,2657,
Jaylen Waddle,MIA,WR,221.7,13,17,0,0,0,0,3,26,0,1,116,75,1356,8,1382,
Jamaal Williams,DET,RB,219.9,12.9,17,0,0,0,0,262,1066,17,2,16,12,73,0,1139,
Aaron Jones,GB,RB,219.1,12.9,17,0,0,0,0,213,1121,2,3,72,59,395,5,1516,
Dalvin Cook,MIN,RB,218.3,12.8,17,0,0,0,0,264,1173,8,4,56,39,295,2,1468,
Davis Mills,HOU,QB,215.5,14.4,15,292,3118,17,15,32,108,2,3,0,0,0,0,3226,
Rhamondre Stevenson,NE,RB,214.6,12.6,17,0,0,0,0,210,1040,5,1,89,69,421,1,1461,
Amon-Ra St. Brown,DET,WR,214.6,13.4,16,0,0,0,0,9,95,0,0,146,106,1161,6,1256,
Andy Dalton,NO,QB,210.2,15,14,252,2870,18,9,30,54,0,1,0,0,0,0,2924,
Joe Mixon,CIN,RB,209.5,15,14,0,0,0,0,210,814,7,0,74,60,441,2,1255,
Amari Cooper,CLE,WR,209,12.3,17,0,0,0,1,0,0,0,0,132,78,1160,9,1160,
DeVonta Smith,PHI,WR,207.1,12.2,17,0,0,0,0,0,0,0,1,136,95,1196,7,1196,
Miles Sanders,PHI,RB,206.7,12.2,17,0,0,0,0,259,1269,11,2,26,20,78,0,1347,
Najee Harris,PIT,RB,203.2,12,17,1,4,0,0,272,1038,7,2,53,41,229,3,1271,
Christian Kirk,JAX,WR,199.9,11.8,17,0,0,0,0,5,11,0,1,133,84,1108,8,1119,
Ja'Marr Chase,CIN,WR,198.9,16.6,12,0,0,0,0,5,8,0,2,134,87,1046,9,1054,
Mac Jones,NE,QB,198,14.1,14,288,2996,14,11,47,102,1,1,0,0,0,0,3098,
Jimmy Garoppolo,SF,QB,196.8,17.9,11,207,2437,16,4,23,33,2,2,0,0,0,0,2470,
Tyler Lockett,SEA,WR,195.3,12.2,16,0,0,0,0,0,0,0,2,117,84,1033,9,1033,
Jacoby Brissett,CLE,QB,192.6,12,16,236,2608,12,6,49,243,2,4,0,0,0,0,2851,
Leonard Fournette,TB,RB,191.6,12,16,0,0,0,1,189,668,3,0,83,73,523,3,1191,
Terry McLaurin,WAS,WR,190.5,11.2,17,0,0,0,0,7,29,0,0,120,77,1191,5,1220,
Kenneth Walker III,SEA,RB,189.1,12.6,15,0,0,0,0,228,1051,9,0,35,27,165,0,1216,
Brandon Aiyuk,SF,WR,188.8,11.1,17,0,0,0,0,2,23,0,1,114,78,1015,8,1038,
Travis Etienne Jr.,JAX,RB,187.6,11,17,0,0,0,0,220,1125,5,3,45,35,316,0,1441,
Ryan Tannehill,TEN,QB,187.2,15.6,12,212,2536,13,6,34,98,2,2,0,0,0,0,2634,
Mike Evans,TB,WR,186.9,12.5,15,0,0,0,0,0,0,0,0,128,77,1124,6,1124,
Tee Higgins,CIN,WR,183.9,11.5,16,0,0,0,0,0,0,0,0,110,74,1029,7,1029,
Alvin Kamara,NO,RB,183.3,12.2,15,0,0,0,0,223,898,2,4,77,57,490,2,1388,
Matt Ryan,IND,QB,183.3,15.3,12,309,3057,14,13,27,70,1,5,0,0,0,0,3127,
DK Metcalf,SEA,WR,181.8,10.7,17,0,0,0,0,0,0,0,2,141,90,1048,6,1048,
Ezekiel Elliott,DAL,RB,177.3,11.8,15,0,0,0,0,231,876,12,0,23,17,92,0,968,
James Conner,ARI,RB,177.2,13.6,13,0,0,0,0,183,782,7,1,58,46,300,1,1082,
Garrett Wilson,NYJ,WR,174.2,10.2,17,0,0,0,0,4,4,0,1,147,83,1103,4,1107,
T.J. Hockenson,DET,TE,172.4,10.1,17,0,0,0,0,0,0,0,1,129,86,914,6,914,
Chris Godwin,TB,WR,170.8,11.4,15,0,0,0,0,3,5,0,2,142,104,1023,3,1028,
Jerry Jeudy,DEN,WR,170.7,11.4,15,0,0,0,0,4,40,0,0,100,67,972,6,1012,
George Kittle,SF,TE,170.5,11.4,15,0,0,0,0,0,0,0,1,86,60,765,11,765,
Jerick McKinnon,KC,RB,168.3,9.9,17,0,0,0,0,72,291,1,1,71,56,512,9,803,
DJ Moore,CAR,WR,167.6,9.9,17,0,0,0,0,10,53,0,0,118,63,888,7,941,
D'Andre Swift,DET,RB,167.1,11.9,14,0,0,0,0,99,542,5,0,70,48,389,3,931,
Michael Pittman Jr.,IND,WR,167,10.4,16,0,0,0,0,3,30,0,1,141,99,925,4,955,
Cooper Kupp,LAR,WR,163.9,18.2,9,0,0,0,0,9,52,1,1,98,75,812,6,864,
Kenny Pickett,PIT,QB,163.9,12.6,13,245,2404,7,9,55,237,3,1,0,0,0,0,2641,
Chris Olave,NO,WR,162.2,10.8,15,0,0,0,0,0,0,0,2,119,72,1042,4,1042,
David Montgomery,CHI,RB,160.7,10,16,0,0,0,0,201,801,5,2,40,34,316,1,1117,
Devin Singletary,BUF,RB,158.9,9.9,16,0,0,0,0,177,819,5,3,53,38,280,1,1099,
Zay Jones,JAX,WR,157.1,9.8,16,0,0,0,0,4,18,0,0,121,82,823,5,841,
Mark Andrews,BAL,TE,154,10.3,15,0,0,0,0,3,8,0,0,113,73,847,5,855,
AJ Dillon,GB,RB,153.6,9,17,0,0,0,0,186,770,7,0,43,28,206,0,976,
Raheem Mostert,MIA,RB,152.8,9.5,16,0,0,0,0,181,891,3,1,42,31,202,2,1093,
Dameon Pierce,HOU,RB,151.4,11.6,13,0,0,0,0,220,939,4,2,39,30,165,1,1104,
Tyler Allgeier,ATL,RB,151.4,9.5,16,0,0,0,0,210,1035,3,0,17,16,139,1,1174,
Gabe Davis,BUF,WR,147.6,9.8,15,0,0,0,0,0,0,0,1,92,48,836,7,836,
Jeff Wilson Jr.,SF,RB,147.5,9.2,16,0,0,0,0,176,860,5,2,37,22,185,1,1045,
Jakobi Meyers,NE,WR,146.7,10.5,14,0,0,0,0,2,-11,0,2,95,67,803,6,792,
JuJu Smith-Schuster,KC,WR,146.3,9.1,16,0,0,0,0,0,0,0,2,101,78,933,3,933,
Adam Thielen,MIN,WR,145,8.5,17,0,0,0,0,1,4,0,0,107,70,716,6,720,
Mike Williams,LAC,WR,145,11.2,13,0,0,0,0,0,0,0,0,93,63,895,4,895,
Allen Lazard,GB,WR,144.8,9.7,15,0,0,0,0,2,0,0,0,100,60,788,6,788,
Curtis Samuel,WAS,WR,144.3,8.5,17,0,0,0,0,38,187,1,1,92,64,656,4,843,
Christian Watson,GB,WR,143.6,10.3,14,0,0,0,0,7,80,2,0,65,41,611,7,691,
Antonio Gibson,WAS,RB,142.9,9.5,15,0,0,0,0,149,546,3,0,58,46,353,2,899,
Drake London,ATL,WR,142.6,8.4,17,0,0,0,0,0,0,0,3,117,72,866,4,866,
Baker Mayfield,CAR,QB,141.4,11.8,12,201,2163,10,8,31,89,1,2,0,0,0,0,2252,
Latavius Murray,NO,RB,140.7,10.8,13,0,0,0,0,171,760,6,0,35,27,132,0,892,
George Pickens,PIT,WR,140.5,8.3,17,0,0,0,0,3,24,1,0,85,52,801,4,825,
Deebo Samuel,SF,WR,140.4,10.8,13,0,0,0,0,42,232,3,2,94,56,632,2,864,
Evan Engram,JAX,TE,140.4,8.3,17,0,0,0,0,2,13,0,0,98,73,766,4,779,
Taylor Heinicke,WAS,QB,140,15.6,9,161,1859,12,6,28,96,1,5,0,0,0,0,1955,
Cordarrelle Patterson,ATL,RB,138.2,10.6,13,0,0,0,0,144,695,8,1,31,21,122,0,817,
Diontae Johnson,PIT,WR,137.7,8.1,17,0,0,0,0,7,25,0,0,147,86,882,0,907,
Tyler Boyd,CIN,WR,137.2,8.6,16,1,23,0,0,0,0,0,0,82,58,762,5,785,
Carson Wentz,WAS,QB,134.8,16.8,8,172,1755,11,9,22,86,1,1,0,0,0,0,1841,
Cam Akers,LAR,RB,134.8,9,15,0,0,0,0,188,786,7,2,18,13,117,0,903,
Joshua Palmer,LAC,WR,133.3,8.3,16,0,0,0,0,1,4,0,0,107,72,769,3,773,
Jonathan Taylor,IND,RB,132.4,12,11,0,0,0,0,192,861,4,3,40,28,143,0,1004,
Brock Purdy,SF,QB,132.3,14.7,9,114,1374,13,4,22,13,1,0,0,0,0,0,1387,
Keenan Allen,LAC,WR,131,13.1,10,0,0,0,0,1,8,0,1,89,66,752,4,760,
Donovan Peoples-Jones,CLE,WR,130.6,7.7,17,0,0,0,0,1,2,0,1,96,61,839,3,841,
D'Onta Foreman,CAR,RB,128.5,7.6,17,0,0,0,0,203,914,5,0,9,5,26,0,940,
Isiah Pacheco,KC,RB,128.5,7.6,17,0,0,0,0,170,830,5,2,14,13,130,0,960,
Matthew Stafford,LAR,QB,128.4,14.3,9,206,2087,10,8,13,9,1,3,0,0,0,0,2096,
Courtland Sutton,DEN,WR,127.4,8.5,15,0,0,0,0,1,5,0,0,109,64,829,2,834,
K.J. Osborn,MIN,WR,125.6,7.4,17,0,0,0,0,3,6,0,0,90,60,650,5,656,
Mack Hollins,LV,WR,125.5,7.4,17,1,4,0,0,4,40,0,0,93,57,690,4,734,
Taysom Hill,NO,TE,123.6,7.7,16,13,240,2,0,96,575,7,0,13,9,76,2,891,
Samaje Perine,CIN,RB,123.1,7.7,16,0,0,0,0,95,394,2,0,51,38,287,4,681,
Marquise Brown,ARI,WR,122.5,10.2,12,0,0,0,0,1,1,0,0,107,67,709,3,710,
Cole Kmet,CHI,TE,122.3,7.2,17,0,0,0,0,2,9,0,0,69,50,544,7,553,
DeAndre Hopkins,ARI,WR,119.7,13.3,9,0,0,0,0,0,0,0,1,96,64,717,3,717,
Parris Campbell,IND,WR,117.6,6.9,17,0,0,0,0,5,58,0,0,92,63,623,3,681,
Brandin Cooks,HOU,WR,117.1,9,13,0,0,0,0,2,7,0,0,93,57,699,3,706,
Pat Freiermuth,PIT,TE,116.7,7.3,16,0,0,0,0,0,0,0,0,98,63,732,2,732,
Tyler Higbee,LAR,TE,116,6.8,17,0,0,0,0,0,0,0,0,108,72,620,3,620,
Dalton Schultz,DAL,TE,114.2,7.6,15,0,0,0,0,0,0,0,1,89,57,577,5,577,
Rachaad White,TB,RB,114.1,6.7,17,0,0,0,0,129,481,1,3,58,50,290,2,771,
Juwan Johnson,NO,TE,113.8,7.1,16,0,0,0,0,0,0,0,0,65,42,508,7,508,
Dallas Goedert,PHI,TE,113.7,9.5,12,0,0,0,0,0,0,0,1,68,55,702,3,702,
Khalil Herbert,CHI,RB,113.4,8.7,13,0,0,0,0,129,732,4,0,12,9,57,1,789,
Jahan Dotson,WAS,WR,113.1,9.4,12,0,0,0,0,2,-7,0,0,61,35,523,7,516,
David Njoku,CLE,TE,113,8.1,14,0,0,0,0,2,-8,0,1,80,58,628,4,620,
Dawson Knox,BUF,TE,111.7,7.4,15,0,0,0,0,0,0,0,0,65,48,517,6,517,
Gerald Everett,LAC,TE,110.5,6.9,16,0,0,0,0,1,0,0,0,87,58,555,4,555,
Kareem Hunt,CLE,RB,109.3,6.4,17,0,0,0,0,123,468,3,0,44,35,210,1,678,
Brian Robinson,WAS,RB,108.2,9,12,0,0,0,0,205,797,2,0,12,9,60,1,857,
Breece Hall,NYJ,RB,105.6,15.1,7,0,0,0,0,80,463,4,1,31,19,218,1,681,
Michael Carter,NYJ,RB,105.5,6.6,16,0,0,0,0,114,402,3,1,54,41,288,0,690,
Darius Slayton,NYG,WR,105.4,6.6,16,0,0,0,0,0,0,0,1,71,46,724,2,724,
Richie James,NYG,WR,104,6.1,17,0,0,0,0,2,6,0,3,71,57,569,4,575,
Zach Wilson,NYJ,QB,103.7,11.5,9,132,1688,6,7,28,102,1,1,1,1,2,1,1792,
Tyler Conklin,NYJ,TE,102.5,6,17,0,0,0,0,2,3,0,0,87,58,552,3,555,
Marquez Valdes-Scantling,KC,WR,101.4,6,17,0,0,0,0,1,-3,0,0,81,42,687,2,684,
Sam Darnold,CAR,QB,100.3,16.7,6,82,1143,7,3,26,106,2,2,0,0,0,0,1249,
Deshaun Watson,CLE,QB,99.6,16.6,6,99,1102,7,5,36,175,1,0,0,0,0,0,1277,
Isaiah McKenzie,BUF,WR,98.8,6.6,15,0,0,0,0,9,55,1,0,66,42,423,4,478,
Russell Gage,TB,WR,98.1,7.5,13,0,0,0,0,0,0,0,1,70,51,426,5,426,
Jordan Akins,HOU,TE,98,6.5,15,0,0,0,0,0,0,0,1,54,37,495,5,495,
Noah Fant,SEA,TE,97.6,5.7,17,0,0,0,0,0,0,0,0,63,50,486,4,486,
Kenyan Drake,BAL,RB,95.6,8,12,0,0,0,0,109,482,4,0,26,17,89,1,571,
James Cook,BUF,RB,95.2,6,16,0,0,0,0,89,507,2,1,33,21,180,1,687,
Marvin Jones Jr.,JAX,WR,93.9,5.9,16,0,0,0,0,0,0,0,0,81,46,529,3,529,
Noah Brown,DAL,WR,93,5.8,16,0,0,0,0,0,0,0,1,73,43,555,3,555,
Zach Ertz,ARI,TE,92.1,9.2,10,0,0,0,0,0,0,0,0,69,47,406,4,406,
Alec Pierce,IND,WR,91.8,5.7,16,0,0,0,0,0,0,0,0,77,41,593,2,593,
Devin Duvernay,BAL,WR,91.6,6.5,14,0,0,0,0,12,84,1,0,49,37,407,3,491,
Chris Moore,HOU,WR,91.1,5.7,16,0,0,0,0,3,3,0,0,75,48,548,2,551,
Olamide Zaccheaus,ATL,WR,90,5.3,17,0,0,0,0,2,7,0,1,61,40,533,3,540,
Clyde Edwards-Helaire,KC,RB,89.8,9,10,0,0,0,0,71,302,3,0,23,17,151,3,453,
DeAndre Carter,LAC,WR,89.3,5.3,17,0,0,0,0,2,-15,0,2,65,46,538,3,523,
Robert Woods,TEN,WR,89.2,5.2,17,0,0,0,0,0,0,0,1,90,53,527,2,527,
DeVante Parker,NE,WR,87.4,6.7,13,0,0,0,0,0,0,0,0,47,31,539,3,539,
Greg Dortch,ARI,WR,87.1,5.4,16,0,0,0,0,7,44,0,1,64,52,467,2,511,
Kalif Raymond,DET,WR,86.7,5.1,17,0,0,0,0,7,36,0,1,64,47,616,0,652,
Rashid Shaheed,NO,WR,86.5,7.2,12,0,0,0,0,4,57,1,0,34,28,488,2,545,
Michael Gallup,DAL,WR,85.9,6.1,14,0,0,0,0,0,0,0,0,74,39,424,4,424,
Robert Tonyan,GB,TE,85.5,5,17,0,0,0,0,0,0,0,0,67,53,470,2,470,
Josh Reynolds,DET,WR,84.9,6.1,14,0,0,0,0,0,0,0,0,59,38,479,3,479,
Hunter Henry,NE,TE,83.4,4.9,17,0,0,0,0,0,0,0,0,59,41,509,2,509,
DJ Chark,DET,WR,83.2,7.6,11,0,0,0,0,0,0,0,0,52,30,502,3,502,
James Robinson,JAX,RB,83.1,7.6,11,0,0,0,0,110,425,3,0,14,11,51,2,476,
Damien Harris,NE,RB,82.5,7.5,11,0,0,0,0,106,463,3,0,23,17,97,0,560,
Mike Gesicki,MIA,TE,82.2,4.8,17,0,0,0,0,0,0,0,0,52,32,362,5,362,
Mitch Trubisky,PIT,QB,81.9,11.7,7,117,1252,4,5,19,38,2,0,0,0,0,0,1290,
Isaiah Hodgins,BUF,WR,81.7,8.2,10,0,0,0,0,0,0,0,1,47,37,392,4,392,
Corey Davis,NYJ,WR,81.6,6.3,13,0,0,0,0,0,0,0,0,65,32,536,2,536,
Darnell Mooney,CHI,WR,81.5,6.8,12,0,0,0,0,1,2,0,0,61,40,493,2,495,
Mecole Hardman,KC,WR,81.3,10.2,8,0,0,0,0,4,31,2,0,34,25,297,4,328,
Chigoziem Okonkwo,TEN,TE,81.2,4.8,17,0,0,0,0,3,2,0,0,46,32,450,3,452,
Alexander Mattison,MIN,RB,80.9,4.8,17,0,0,0,0,74,283,5,0,18,15,91,1,374,
Chuba Hubbard,CAR,RB,80.7,5.4,15,0,0,0,0,95,466,2,1,17,14,171,0,637,
Romeo Doubs,GB,WR,80.6,6.2,13,0,0,0,0,1,11,0,1,67,42,425,3,436,
Demarcus Robinson,BAL,WR,79.8,4.7,17,0,0,0,0,0,0,0,1,75,48,458,2,458,
Hayden Hurst,CIN,TE,79.4,6.1,13,0,0,0,0,0,0,0,0,68,52,414,2,414,
Jaylen Warren,PIT,RB,79.3,5,16,0,0,0,0,77,379,1,0,33,28,214,0,593,
Nico Collins,HOU,WR,78.6,7.9,10,0,0,0,0,0,0,0,0,66,37,481,2,481,
Chase Claypool,PIT,WR,78,5.2,15,1,1,1,0,9,59,0,1,79,46,451,1,511,
J.K. Dobbins,BAL,RB,77.7,9.7,8,0,0,0,0,92,520,2,0,8,7,42,1,562,
Treylon Burks,TEN,WR,77.6,7.1,11,0,0,0,0,4,47,1,0,54,33,444,1,491,
Eno Benjamin,ARI,RB,77.1,5.1,15,0,0,0,0,77,313,2,0,34,25,193,0,506,
Austin Hooper,TEN,TE,76.9,4.5,17,0,0,0,0,0,0,0,0,60,41,444,2,444,
Marquise Goodwin,SEA,WR,76.7,5.9,13,0,0,0,0,2,5,0,0,41,27,387,4,392,
Kenneth Gainwell,PHI,RB,76.4,4.5,17,0,0,0,0,53,240,4,0,29,23,169,0,409,
Melvin Gordon III,DEN,RB,74.6,7.5,10,0,0,0,0,90,318,2,2,32,25,223,0,541,
Isaiah Likely,BAL,TE,73.3,4.6,16,0,0,0,0,0,0,0,0,60,36,373,3,373,
Cade Otton,TB,TE,72.1,4.5,16,0,0,0,0,0,0,0,0,65,42,391,2,391,
Darren Waller,LV,TE,70.8,7.9,9,0,0,0,0,0,0,0,0,43,28,388,3,388,
Kendrick Bourne,NE,WR,70.8,4.4,16,0,0,0,0,6,39,0,0,48,35,434,1,473,
Nick Westbrook-Ikhine,TEN,WR,70.2,4.1,17,0,0,0,0,0,0,0,0,50,25,397,3,397,
Will Dissly,SEA,TE,69.9,4.7,15,0,0,0,0,0,0,0,0,38,34,349,3,349,
Elijah Moore,NYJ,WR,69.6,4.3,16,0,0,0,0,5,5,0,0,66,37,446,1,451,
Greg Dulcich,DEN,TE,69.6,7,10,0,0,0,0,0,0,0,0,55,33,411,2,411,
Deon Jackson,IND,RB,69.5,4.3,16,0,0,0,0,68,236,1,1,34,30,209,1,445,
Terrace Marshall Jr.,CAR,WR,69,4.9,14,0,0,0,0,0,0,0,0,47,28,490,1,490,
Trent Sherfield,MIA,WR,68.7,4,17,0,0,0,0,0,0,0,0,52,30,417,2,417,
Foster Moreau,LV,TE,68.7,4.6,15,0,0,0,0,0,2,0,1,55,33,420,2,422,
Allen Robinson II,LAR,WR,68.4,6.8,10,0,0,0,0,0,0,0,0,52,33,339,3,339,
Quez Watkins,PHI,WR,68,4,17,0,0,0,0,3,1,0,1,50,33,354,3,355,
Rondale Moore,ARI,WR,67.4,8.4,8,0,0,0,0,6,-5,0,0,56,41,414,1,409,
Van Jefferson,LAR,WR,66.9,6.1,11,0,0,0,0,0,0,0,0,45,24,369,3,369,
Dontrell Hilliard,TEN,RB,66.7,5.6,12,0,0,0,0,22,145,0,0,26,21,177,4,322,
Cooper Rush,DAL,QB,66.6,7.4,9,94,1051,5,3,9,6,0,0,0,0,0,0,1057,
Chase Edmonds,MIA,RB,66.2,5.1,13,0,0,0,0,68,245,2,0,24,16,157,1,402,
Jauan Jennings,SF,WR,65.1,4.1,16,0,0,0,0,0,0,0,0,56,35,416,1,416,
Darrell Henderson Jr.,LAR,RB,65,6.5,10,0,0,0,0,70,283,3,0,22,17,102,0,385,
Ben Skowronek,LAR,WR,64.8,4.6,14,0,0,0,0,1,17,1,0,61,39,376,0,393,
Randall Cobb,GB,WR,64.7,5,13,0,0,0,0,0,0,0,0,50,34,417,1,417,
Mike White,NYJ,QB,62.6,15.6,4,103,1192,3,4,6,9,1,1,0,0,0,0,1201,
Jelani Woods,IND,TE,61.7,4.1,15,0,0,0,0,0,0,0,0,40,25,312,3,312,
Kyle Pitts,ATL,TE,61.6,6.2,10,0,0,0,0,0,0,0,0,59,28,356,2,356,
Hunter Renfrow,LV,WR,61,6.1,10,0,0,0,0,0,0,0,1,50,36,330,2,330,
JaMycal Hasty,JAX,RB,60,3.5,17,0,0,0,0,46,194,2,0,26,20,126,1,320,
Daniel Bellinger,NYG,TE,60,5,12,0,0,0,0,1,2,1,1,35,30,268,2,270,
Nelson Agholor,NE,WR,59.7,3.7,16,0,0,0,0,0,0,0,2,53,31,362,2,362,
Gus Edwards,BAL,RB,59.3,6.6,9,0,0,0,0,87,433,3,1,2,0,0,0,433,
Laviska Shenault Jr.,CAR,WR,59.2,4.6,13,0,0,0,0,9,65,1,0,32,27,272,1,337,
Zack Moss,BUF,RB,59,4.5,13,0,0,0,0,93,456,1,1,13,11,39,0,495,
Rex Burkhead,HOU,RB,58.9,3.7,16,0,0,0,0,26,80,1,0,51,37,204,1,284,
Jamal Agnew,JAX,WR,58.8,3.9,15,0,0,0,0,12,86,0,0,30,23,187,3,273,
Joe Flacco,NYJ,QB,58.6,11.7,5,110,1051,5,3,3,6,0,4,0,0,0,0,1057,
Julio Jones,TB,WR,58.4,5.8,10,0,0,0,0,5,45,0,0,43,24,299,2,344,
Joshua Kelley,LAC,RB,57.8,4.4,13,0,0,0,0,69,287,2,0,25,14,101,0,388,
Logan Thomas,WAS,TE,57.8,4.1,14,0,0,0,0,0,0,0,0,61,39,323,1,323,
Colby Parkinson,SEA,TE,56.7,3.3,17,0,0,0,0,0,0,0,0,34,25,322,2,322,
Noah Gray,KC,TE,56,3.3,17,0,0,0,0,1,1,1,0,34,28,299,1,300,
Dante Pettis,CHI,WR,55.7,3.3,17,0,0,0,0,2,37,0,0,41,19,245,3,282,
Trenton Irwin,CIN,WR,55.7,6.2,9,0,0,0,0,1,11,0,0,23,15,231,4,242,
Tyquan Thornton,NE,WR,55.3,4.3,13,0,0,0,0,3,16,1,0,45,22,247,2,263,
Brock Wright,DET,TE,54.6,3.2,17,0,0,0,0,0,0,0,0,24,18,216,4,216,
Nyheim Hines,IND,RB,54.4,3.4,16,0,0,0,0,24,33,1,0,37,30,241,1,274,
Tutu Atwell,LAR,WR,54.2,4.2,13,0,0,0,0,9,34,1,0,35,18,298,1,332,
Equanimeous St. Brown,CHI,WR,54.2,3.4,16,0,0,0,0,6,54,0,0,38,21,323,1,377,
Tyler Huntley,BAL,QB,54,9,6,75,658,2,3,43,137,1,0,0,0,0,0,795,
Zonovan Knight,NYJ,RB,52.5,7.5,7,0,0,0,0,85,300,1,0,14,13,100,0,400,
Jameis Winston,NO,QB,51.9,17.3,3,73,858,4,5,5,16,0,0,0,0,0,0,874,
Ray-Ray McCloud III,SF,WR,51.1,3,17,0,0,0,0,4,78,1,0,25,14,243,1,321,
Justin Watson,KC,WR,51,3,17,0,0,0,0,0,0,0,0,34,15,315,2,315,
Jarrett Stidham,LV,QB,50.6,10.1,5,53,656,4,3,14,84,0,1,0,0,0,0,740,
Shi Smith,CAR,WR,50.6,3,17,0,0,0,0,0,0,0,1,41,22,296,2,296,
Rashaad Penny,SEA,RB,50.2,10,5,0,0,0,0,57,346,2,0,5,4,16,0,362,
Matt Breida,NYG,RB,49.8,2.9,17,0,0,0,0,54,220,1,0,25,20,118,0,338,
A.J. Green,ARI,WR,49.6,3.3,15,0,0,0,0,0,0,0,0,47,24,236,2,236,
Kadarius Toney,NYG,WR,49.3,5.5,9,0,0,0,0,7,82,1,1,20,16,171,2,253,
Bailey Zappe,NE,QB,49.2,12.3,4,65,781,5,3,10,0,0,3,1,1,-6,0,775,
Jarvis Landry,NO,WR,47.7,5.3,9,0,0,0,0,0,0,0,0,39,25,272,1,272,
MyCole Pruitt,ATL,TE,47,3.6,13,0,0,0,0,0,0,0,0,21,16,150,4,150,
Trey McBride,ARI,TE,47,2.9,16,0,0,0,0,0,0,0,0,39,29,265,1,265,
Harrison Bryant,CLE,TE,46.2,2.7,17,0,0,0,0,1,8,0,0,42,31,239,1,247,
Teddy Bridgewater,MIA,QB,46,9.2,5,49,683,4,4,3,27,0,0,0,0,0,0,710,
Rashod Bateman,BAL,WR,46,7.7,6,0,0,0,0,0,0,0,1,28,15,285,2,285,
C.J. Uzomah,NYJ,TE,45.7,3,15,0,0,0,0,0,0,0,0,27,21,232,2,232,
Kylen Granson,IND,TE,45.7,3.5,13,0,0,0,0,1,0,0,0,40,31,302,0,302,
Damiere Byrd,ATL,WR,45.3,3.2,14,0,0,0,0,0,0,0,0,23,13,268,2,268,
PJ Walker,CAR,QB,45.1,7.5,6,63,731,3,3,6,39,0,0,0,0,0,0,770,
Justin Jackson,DET,RB,45.1,2.8,16,0,0,0,0,42,170,1,0,19,12,101,1,271,
Braxton Berrios,NYJ,WR,44.6,2.6,17,1,2,1,0,9,91,2,0,32,18,145,0,238,
Kendall Hinton,DEN,WR,44.4,3.7,12,0,0,0,0,2,13,0,0,33,24,311,0,324,
Mo Alie-Cox,IND,TE,44.4,2.6,17,0,0,0,0,0,0,0,1,28,19,189,3,189,
Kyle Juszczyk,SF,RB,44.1,2.8,16,0,0,0,0,7,26,1,0,23,19,200,1,226,
Caleb Huntley,ATL,RB,43.9,3.7,12,0,0,0,0,76,366,1,0,2,2,3,0,369,
Boston Scott,PHI,RB,43.7,2.9,15,0,0,0,0,54,217,3,0,6,5,15,0,232,
Tre'Quan Smith,NO,WR,43.3,2.9,15,0,0,0,0,0,0,0,0,27,19,278,1,278,
Michael Thomas,NO,WR,43.1,14.4,3,0,0,0,0,0,0,0,0,22,16,171,3,171,
Tommy Tremble,CAR,TE,42.9,2.5,17,0,0,0,0,0,0,0,1,32,19,174,3,174,
Gardner Minshew,PHI,QB,42.8,8.6,5,44,663,3,3,7,3,1,1,0,0,0,0,666,
Desmond Ridder,ATL,QB,42.7,10.7,4,73,708,2,0,16,64,0,2,0,0,0,0,772,
Irv Smith Jr.,MIN,TE,42.7,5.3,8,0,0,0,0,0,0,0,0,36,25,182,2,182,
Mark Ingram II,NO,RB,42.3,4.2,10,0,0,0,0,62,235,1,2,18,16,68,0,303,
J.D. McKissic,WAS,RB,42.3,5.3,8,0,0,0,0,22,95,0,0,40,27,173,0,268,
Robbie Anderson,CAR,WR,42.2,2.6,16,0,0,0,0,0,0,0,1,44,20,282,1,282,
Elijah Mitchell,SF,RB,42.1,8.4,5,0,0,0,0,45,279,2,0,4,3,7,0,286,
Phillip Dorsett,HOU,WR,41.7,2.8,15,0,0,0,0,0,0,0,0,40,20,257,1,257,
Sam Ehlinger,IND,QB,41.6,10.4,4,64,573,3,3,17,87,0,1,0,0,0,0,660,
Ameer Abdullah,LV,RB,41.6,2.4,17,0,0,0,0,4,20,0,0,32,25,211,1,231,
Wan'Dale Robinson,NYG,WR,40.1,6.7,6,0,0,0,0,2,-1,0,0,31,23,227,1,226,
DeeJay Dallas,SEA,RB,39.7,2.6,15,0,0,0,1,35,186,0,0,19,17,126,0,312,
Jake Ferguson,DAL,TE,38.9,2.4,16,0,0,0,0,0,0,0,0,22,19,174,2,174,
Dare Ogunbowale,HOU,RB,38.7,2.3,17,0,0,0,0,42,123,1,0,26,20,104,0,227,
Sammy Watkins,GB,WR,38.5,3.2,12,0,0,0,0,0,0,0,1,27,16,325,0,325,
Jonnu Smith,NE,TE,38.5,2.8,14,0,0,0,0,1,5,0,0,39,27,245,0,250,
Raheem Blackshear,CAR,RB,38,2.9,13,0,0,0,0,23,77,3,1,12,10,93,0,170,
Ty Johnson,NYJ,RB,36.8,2.2,17,0,0,0,0,30,160,1,0,24,12,88,0,248,
Justice Hill,BAL,RB,36,2.4,15,0,0,0,0,49,262,0,1,12,12,58,0,320,
Adam Trautman,NO,TE,35.7,2.4,15,0,0,0,0,0,0,0,0,22,18,207,1,207,
Brandon Powell,LAR,WR,35.6,2.1,17,0,0,0,0,17,80,0,0,32,24,156,0,236,
Shane Zylstra,DET,TE,35.5,2.7,13,0,0,0,0,0,0,0,0,15,11,60,4,60,
Travis Homer,SEA,RB,35.1,3.5,10,0,0,0,0,19,74,0,1,18,16,157,1,231,
Ashton Dulin,IND,WR,35,2.9,12,0,0,0,0,2,8,0,0,22,15,207,1,215,
Colt McCoy,ARI,QB,34.8,8.7,4,90,780,1,3,14,36,0,0,0,0,0,0,816,
KhaDarel Hodge,ATL,WR,34.7,2,17,0,0,0,0,0,0,0,0,20,13,202,1,202,
Marlon Mack,SF,RB,34.3,4.3,8,0,0,0,0,16,84,1,0,10,8,99,1,183,
Peyton Hendershot,DAL,TE,34,2,17,0,0,0,0,1,2,1,0,16,11,103,2,105,
Javonte Williams,DEN,RB,34,8.5,4,0,0,0,0,47,204,0,1,22,16,76,0,280,
Josh Oliver,BAL,TE,33.9,2,17,0,0,0,0,0,0,0,0,24,14,149,2,149,
David Bell,CLE,WR,33.4,2.1,16,0,0,0,0,0,0,0,0,35,24,214,0,214,
Durham Smythe,MIA,TE,32.5,2,16,0,0,0,0,2,1,1,0,20,15,129,1,130,
Skyy Moore,KC,WR,32.4,2,16,0,0,0,0,3,24,0,3,33,22,250,0,274,
Jordan Mason,SF,RB,31.8,2,16,0,0,0,0,43,258,1,0,0,0,0,0,258,
O.J. Howard,HOU,TE,31.5,2.4,13,0,0,0,0,0,0,0,0,23,10,145,2,145,
Malik Davis,DAL,RB,31.4,2.6,12,0,0,0,0,38,161,1,0,7,6,63,0,224,
Amari Rodgers,GB,WR,31.1,1.9,16,0,0,0,0,2,7,0,2,24,16,204,1,211,
Alec Ingold,MIA,RB,30.8,1.8,17,0,0,0,0,6,8,1,0,23,15,105,1,113,
Scotty Miller,TB,WR,30.8,2.1,15,0,0,0,0,1,8,0,0,40,23,185,0,193,
Byron Pringle,CHI,WR,30.5,2.8,11,0,0,0,0,0,0,0,0,16,10,135,2,135,
Velus Jones Jr.,CHI,WR,30.5,2.5,12,0,0,0,0,9,103,1,3,14,7,107,1,210,
Dyami Brown,WAS,WR,30.3,2,15,0,0,0,0,1,15,0,0,14,5,143,2,158,
Ian Thomas,CAR,TE,30.2,1.8,17,0,0,0,0,0,0,0,0,30,21,197,0,197,
Marquez Callaway,NO,WR,29.8,2.1,14,0,0,0,0,0,0,0,0,32,16,158,1,158,
Connor Heyward,PIT,TE,29.8,1.8,17,0,0,0,0,2,27,0,0,17,12,151,1,178,
Johnny Mundt,MIN,TE,29.5,1.7,17,0,0,0,0,0,0,0,0,21,19,140,1,140,
Khalil Shakir,BUF,WR,29.1,2.1,14,0,0,0,0,0,0,0,0,20,10,161,1,161,
Zach Pascal,PHI,WR,28.5,1.7,17,0,0,0,0,1,0,0,0,19,15,150,1,150,
Mitchell Wilcox,CIN,TE,28.4,1.8,16,0,0,0,0,0,0,0,0,18,17,139,1,139,
Jalen Nailor,MIN,WR,28.4,1.9,15,0,0,0,0,0,0,0,0,13,9,179,1,179,
Eric Saubert,DEN,TE,28.3,1.7,17,0,0,0,0,0,0,0,0,24,15,148,1,148,
Sterling Shepard,NYG,WR,27.9,9.3,3,0,0,0,0,0,0,0,0,24,13,154,1,154,
Avery Williams,ATL,RB,27.5,1.6,17,0,0,0,0,22,109,1,1,14,13,61,0,170,
Cameron Brate,TB,TE,27.4,2.5,11,0,0,0,0,0,0,0,0,37,20,174,0,174,
Teagan Quitoriano,HOU,TE,26.8,3,9,0,0,0,0,0,0,0,0,14,7,113,2,113,
River Cracraft,MIA,WR,26.7,2.4,11,0,0,0,0,0,0,0,0,14,9,102,2,102,
Gary Brightwell,NYG,RB,26.5,1.6,17,0,0,0,0,31,141,1,0,8,5,39,0,180,
C.J. Ham,MIN,RB,26.3,1.5,17,0,0,0,0,4,7,2,0,12,10,86,0,93,
Craig Reynolds,DET,RB,26.3,2.9,9,0,0,0,0,23,102,0,0,10,9,116,0,218,
Kyren Williams,LAR,RB,26,2.6,10,0,0,0,0,35,139,0,0,12,9,76,0,215,
Jody Fortson,KC,TE,25.3,1.9,13,0,0,0,0,0,0,0,1,13,9,108,2,108,
Keelan Cole,LV,WR,25.1,1.8,14,0,0,0,0,0,0,0,0,20,10,141,1,141,
Joshua Dobbs,TEN,QB,24.8,12.4,2,40,411,2,2,8,44,0,2,0,0,0,0,455,
Eric Tomlinson,DEN,TE,24.4,1.4,17,0,0,0,0,0,0,0,0,13,9,79,2,79,
Steven Sims,PIT,WR,24.4,2,12,0,0,0,0,13,70,0,0,23,14,104,0,174,
Lawrence Cager,NYJ,TE,24.3,3.5,7,0,0,0,0,0,0,0,0,19,13,118,1,118,
Mike Boone,DEN,RB,24.3,2.7,9,0,0,0,0,24,102,0,0,15,9,96,0,198,
Denzel Mims,NYJ,WR,24.1,2.4,10,0,0,0,0,0,0,0,0,25,11,186,0,186,
Donald Parham Jr.,LAC,TE,24,4,6,0,0,0,0,0,0,0,0,12,10,130,1,130,
John Bates,WAS,TE,23.8,1.5,16,0,0,0,0,0,0,0,0,22,14,108,1,108,
Pierre Strong Jr.,NE,RB,23.7,1.6,15,0,0,0,0,10,100,1,0,7,7,42,0,142,
Marcedes Lewis,GB,TE,23.6,1.4,17,0,0,0,0,0,0,0,0,7,6,66,2,66,
Jalen Reagor,MIN,WR,22.9,1.3,17,0,0,0,0,4,25,0,0,13,8,104,1,129,
Davis Webb,NYG,QB,22.8,22.8,1,23,168,1,0,6,41,1,0,0,0,0,0,209,
Brandon Bolden,LV,RB,22.8,1.4,16,0,0,0,0,17,66,0,0,9,9,57,1,123,
James Mitchell,DET,TE,22.8,1.6,14,0,0,0,0,0,0,0,0,11,11,113,1,113,
Jonathan Williams,WAS,RB,22.7,1.7,13,0,0,0,0,37,152,0,0,10,7,40,0,192,
Zach Gentry,PIT,TE,22.7,1.3,17,0,0,0,0,0,0,0,0,23,19,132,0,132,
David Blough,ARI,QB,22.6,11.3,2,38,402,2,2,4,5,0,1,0,0,0,0,407,
KJ Hamler,DEN,WR,22.3,3.2,7,0,0,0,0,2,23,0,0,14,7,165,0,188,
Brett Rypien,DEN,QB,22,5.5,4,53,483,2,4,6,7,0,1,0,0,0,0,490,
N'Keal Harry,CHI,WR,21.1,3,7,0,0,0,0,0,0,0,0,9,7,116,1,116,
Tevin Coleman,SF,RB,20.5,4.1,5,0,0,0,0,12,26,1,0,3,3,44,1,70,
Albert Okwuegbunam,DEN,TE,20.5,2.6,8,0,0,0,0,0,0,0,0,18,10,95,1,95,
Hassan Haskins,TEN,RB,20.5,1.4,15,0,0,0,0,25,93,0,0,12,11,57,0,150,
Sony Michel,LAC,RB,20.4,2,10,0,0,0,0,36,106,0,0,13,9,53,0,159,
Cedrick Wilson Jr.,MIA,WR,20.4,1.4,15,0,0,0,0,1,8,0,0,17,12,136,0,144,
Malcolm Brown,LAR,RB,20.3,1.8,11,0,0,0,0,18,81,1,0,6,5,37,0,118,
Sam Howell,WAS,QB,20.3,20.3,1,11,169,1,1,5,35,1,0,0,0,0,0,204,
Kyle Allen,HOU,QB,19.9,10,2,46,416,2,4,6,13,0,1,0,0,0,0,429,
DeSean Jackson,BAL,WR,19.8,2.8,7,0,0,0,0,0,0,0,0,17,9,153,0,153,
Brevin Jordan,HOU,TE,19.8,1.8,11,0,0,0,0,0,0,0,0,27,14,128,0,128,
Skylar Thompson,MIA,QB,19.5,2.8,7,60,534,1,3,14,21,0,2,0,0,0,0,555,
Corey Clement,ARI,RB,19.4,2.2,9,0,0,0,0,15,55,1,0,7,5,54,0,109,
Malik Willis,TEN,QB,19.3,2.4,8,31,276,0,3,27,123,1,2,0,0,0,0,399,
Darrel Williams,ARI,RB,19.1,3.2,6,0,0,0,0,21,102,1,0,8,4,9,0,111,
Breshad Perriman,TB,WR,18.8,1.7,11,0,0,0,0,2,-7,0,1,19,9,110,1,103,
Tanner Hudson,NYG,TE,18.2,1.7,11,0,0,0,0,0,0,0,0,15,10,132,0,132,
Tom Kennedy,DET,WR,18.1,2.6,7,0,0,0,0,0,0,0,0,16,8,141,0,141,
Dan Arnold,JAX,TE,18,1.1,17,0,0,0,0,0,0,0,0,13,9,135,0,135,
Ross Dwelley,SF,TE,18,1.5,12,0,0,0,0,0,0,0,0,5,3,105,1,105,
Josiah Deguara,GB,TE,17.9,1.1,17,0,0,0,0,0,0,0,0,15,13,114,0,114,
Jeff Driskel,HOU,QB,17.8,2.5,7,14,108,1,0,20,75,0,0,1,1,4,0,187,
Geoff Swaim,TEN,TE,17.8,1,17,0,0,0,0,0,0,0,0,16,12,58,1,58,
Jack Stoll,PHI,TE,17.8,1,17,0,0,0,0,0,0,0,0,14,11,123,0,123,
Derek Watt,PIT,RB,17.7,1,17,0,0,0,0,9,21,1,0,5,5,11,1,32,
Pharaoh Brown,HOU,TE,17.7,1.1,16,0,0,0,0,0,0,0,0,20,12,117,0,117,
Benny Snell Jr.,PIT,RB,17.7,1,17,0,0,0,0,20,90,1,0,2,2,17,0,107,
Ko Kieft,TB,TE,17.5,1,17,0,0,0,0,0,0,0,0,10,7,80,1,80,
Bryce Perkins,LAR,QB,17.4,3.5,5,19,161,1,2,19,90,0,0,0,0,0,0,251,
Jeff Smith,NYJ,WR,17.4,1.6,11,0,0,0,0,0,0,0,0,11,8,134,0,134,
Kenny Golladay,NYG,WR,17.1,1.4,12,0,0,0,0,0,0,0,0,17,6,81,1,81,
Reggie Gilliam,BUF,RB,16.9,1.1,15,0,0,0,0,0,0,0,0,10,8,69,1,69,
John Wolford,LAR,QB,16.8,5.6,3,38,390,1,3,8,32,0,1,0,0,0,0,422,
Anthony Schwartz,CLE,WR,16.8,1.5,11,0,0,0,0,4,57,1,1,10,4,51,0,108,
Samori Toure,GB,WR,16.7,1.5,11,0,0,0,0,0,0,0,0,10,5,82,1,82,
Quintin Morris,BUF,TE,16.4,1.2,14,0,0,0,0,0,0,0,1,11,8,84,1,84,
David Sills V,NYG,WR,16.1,1.8,9,0,0,0,0,0,0,0,0,17,11,106,0,106,
Keaontay Ingram,ARI,RB,16.1,1.3,12,0,0,0,0,27,60,1,0,5,4,21,0,81,
Zander Horvath,LAC,RB,16.1,1.1,15,0,0,0,0,4,8,0,0,8,5,8,2,16,
Royce Freeman,HOU,RB,16,4,4,0,0,0,0,41,117,0,1,8,6,33,0,150,
Chris Myarick,NYG,RB,16,1,16,0,0,0,0,0,0,0,0,8,7,65,1,65,
Ronald Jones,KC,RB,15.7,2.6,6,0,0,0,0,17,70,1,0,1,1,22,0,92,
T.Y. Hilton,DAL,WR,15.6,5.2,3,0,0,0,0,0,0,0,0,10,7,121,0,121,
Jameson Williams,DET,WR,14.6,2.4,6,0,0,0,0,1,40,0,0,9,1,41,1,81,
Patrick Ricard,BAL,RB,14.5,0.9,17,0,0,0,0,7,16,0,0,13,11,74,0,90,
Anthony Firkser,ATL,TE,14.5,1.3,11,0,0,0,0,0,0,0,0,13,9,100,0,100,
Marcus Johnson,NYG,WR,14.4,1,14,0,0,0,0,0,0,0,0,22,9,99,0,99,
Brycen Hopkins,LAR,TE,14.4,1,14,0,0,0,0,0,0,0,0,11,7,109,0,109,
Giovanni Ricci,CAR,TE,14,0.9,15,0,0,0,0,0,0,0,0,9,8,100,0,100,
Michael Bandy,LAC,WR,13.9,1.4,10,0,0,0,0,0,0,0,0,21,10,89,0,89,
Nick Mullens,MIN,QB,13.8,3.4,4,21,224,1,1,4,8,0,0,0,0,0,0,232,
Jordan Love,GB,QB,13.7,3.4,4,14,195,1,0,1,-1,0,0,0,0,0,0,194,
Salvon Ahmed,MIA,RB,13.7,1.1,12,0,0,0,0,12,64,1,0,1,1,8,0,72,
Parker Hesse,ATL,TE,13.4,0.8,17,0,0,0,0,0,0,0,0,11,9,89,0,89,
Tyrod Taylor,NYG,QB,13.3,4.4,3,6,58,1,1,5,70,0,1,0,0,0,0,128,
Cam Sims,WAS,WR,12.9,0.8,17,0,0,0,0,0,0,0,0,18,8,89,0,89,
Dax Milne,WAS,WR,12.7,0.8,15,0,0,0,0,0,0,0,0,7,6,37,1,37,
Jalen Virgil,DEN,WR,12.5,1.4,9,0,0,0,0,0,0,0,1,5,2,75,1,75,
Trey Lance,SF,QB,12.5,6.2,2,15,194,0,1,16,67,0,0,0,0,0,0,261,
Tre' McKitty,LAC,TE,12.2,0.7,17,0,0,0,0,0,0,0,0,18,10,72,0,72,
Trevor Siemian,CHI,QB,12.2,6.1,2,15,184,1,1,4,8,0,0,0,0,0,0,192,
Phillip Lindsay,IND,RB,11.8,3.9,3,0,0,0,0,15,49,0,0,8,6,19,0,68,
Jordan Wilkins,IND,RB,11.7,2.9,4,0,0,0,0,13,58,0,0,8,6,29,0,87,
Armani Rogers,WAS,TE,11.5,1,11,0,0,0,0,2,26,0,0,6,5,64,0,90,
Chris Evans,CIN,RB,11.3,0.9,12,0,0,0,0,0,0,0,0,4,3,38,1,38,
Kevin Harris,NE,RB,11.2,2.2,5,0,0,0,0,18,52,1,0,0,0,0,0,52,
Brandon Johnson,DEN,WR,11.2,1.6,7,0,0,0,0,0,0,0,1,14,6,42,1,42,
John Brown,BUF,WR,10.7,3.6,3,0,0,0,0,0,0,0,0,2,1,42,1,42,
Grant Calcaterra,PHI,TE,10.6,0.7,15,0,0,0,0,0,0,0,0,9,5,81,0,81,
Chase Daniel,LAC,QB,10.5,2.6,4,8,52,1,0,1,4,0,0,0,0,0,0,56,
Kyle Rudolph,TB,TE,10.3,1.1,9,0,0,0,0,0,0,0,0,5,3,28,1,28,
Dee Eskridge,SEA,WR,10.3,1,10,0,0,0,0,2,10,0,0,13,7,58,0,68,
Nathan Peterman,CHI,QB,10.3,3.4,3,14,139,1,1,2,7,0,0,0,0,0,0,146,
James Proche II,BAL,WR,10.2,0.7,15,0,0,0,1,0,0,0,0,17,8,62,0,62,
Darrynton Evans,CHI,RB,10.2,1.7,6,0,0,0,0,14,64,0,0,1,1,33,0,97,
Snoop Conner,JAX,RB,10.2,1.3,8,0,0,0,0,12,42,1,0,0,0,0,0,42,
Tyrion Davis-Price,SF,RB,9.9,1.7,6,0,0,0,0,34,99,0,0,2,0,0,0,99,
Gunner Olszewski,PIT,WR,9.7,0.6,16,0,0,0,0,8,39,0,1,7,5,53,0,92,
Andrew Beck,DEN,TE,9.4,0.7,13,0,0,0,0,2,0,0,0,11,5,69,0,69,
Freddie Swain,MIA,WR,9.4,2.4,4,0,0,0,0,0,0,0,0,6,4,74,0,74,
Jamison Crowder,BUF,WR,9,2.3,4,0,0,0,0,0,0,0,0,13,6,60,0,60,
Blake Bell,KC,TE,9,3,3,0,0,0,0,0,0,0,0,2,2,20,1,20,
Chris Streveler,NYJ,QB,9,4.5,2,10,90,0,0,9,54,0,0,0,0,0,0,144,
Tyler Badie,DEN,RB,8.9,8.9,1,0,0,0,0,1,0,0,0,1,1,24,1,24,
Ty Montgomery,NE,WR,8.8,8.8,1,0,0,0,0,2,-2,0,0,4,3,15,1,13,
Trent Taylor,CIN,WR,8.7,0.5,16,0,0,0,0,4,15,0,1,10,6,62,0,77,
Ke'Shawn Vaughn,TB,RB,8.7,0.6,15,0,0,0,0,17,53,0,0,4,3,19,0,72,
Trace McSorley,ARI,QB,8.6,1.4,6,45,412,0,5,15,61,0,2,0,0,0,0,473,
Nick Vannett,NO,TE,8.5,0.9,9,0,0,0,0,0,0,0,0,9,6,55,0,55,
Kevin White,NO,WR,8.4,1.2,7,0,0,0,0,0,0,0,0,5,2,74,0,74,
Jake Kumerow,BUF,WR,8.4,1.4,6,0,0,0,0,0,0,0,0,7,4,64,0,64,
Deven Thompkins,TB,WR,8.3,1.7,5,0,0,0,0,2,26,0,0,10,5,32,0,58,
Andre Baccellia,ARI,WR,8,1,8,0,0,0,0,0,0,0,0,10,7,45,0,45,
Tony Jones Jr.,NO,RB,7.9,1.3,6,0,0,0,0,10,24,0,0,8,5,30,0,54,
Jaret Patterson,WAS,RB,7.8,2.6,3,0,0,0,0,17,78,0,0,1,0,0,0,78,
Kyle Philips,TEN,WR,7.8,1.9,4,0,0,0,0,0,0,0,2,13,8,78,0,78,
Tyler Kroft,SF,TE,7.7,0.7,11,0,0,0,0,0,0,0,0,5,4,57,0,57,
Ronnie Rivers,LAR,RB,7.5,0.9,8,0,0,0,0,9,21,0,0,5,5,29,0,50,
Jalen Guyton,LAC,WR,7.4,2.5,3,0,0,0,0,0,0,0,0,4,2,64,0,64,
Mike Strachan,IND,WR,7.4,0.6,13,0,0,0,0,0,0,0,0,9,3,59,0,59,
Myles Gaskin,MIA,RB,7.4,1.8,4,0,0,0,0,10,26,0,0,6,4,28,0,54,
Chris Manhertz,JAX,TE,7.2,0.4,17,0,0,0,0,0,0,0,0,8,6,42,0,42,
Laquon Treadwell,SEA,WR,7.2,1.2,6,0,0,0,0,0,0,0,0,10,6,42,0,42,
Tyler Mabry,SEA,TE,7.2,3.6,2,0,0,0,0,0,0,0,0,1,1,7,1,7,
Blaine Gabbert,TB,QB,7.2,7.2,1,6,29,1,0,0,0,0,0,0,0,0,0,29,
David Johnson,NO,RB,7.1,1.4,5,0,0,0,0,12,24,0,1,4,4,47,0,71,
Trayveon Williams,CIN,RB,7,0.9,8,0,0,0,0,6,30,0,0,3,2,30,0,60,
Zamir White,LV,RB,7,0.5,14,0,0,0,0,17,70,0,0,0,0,0,0,70,
Cody Hollister,TEN,WR,6.9,0.6,11,0,0,0,0,0,0,0,0,5,3,54,0,54,
Charlie Kolar,BAL,TE,6.9,3.5,2,0,0,0,0,0,0,0,0,6,4,49,0,49,
Isaiah Spiller,LAC,RB,6.9,1.1,6,0,0,0,0,18,41,0,0,3,3,13,0,54,
Julius Chestnut,TEN,RB,6.8,1.1,6,0,0,0,0,9,12,0,0,3,3,41,0,53,
Chris Conley,HOU,WR,6.6,0.7,9,0,0,0,0,0,0,0,0,7,4,46,0,46,
Cole Beasley,TB,WR,6.5,1.6,4,0,0,0,0,0,0,0,0,7,6,35,0,35,
Michael Woods II,CLE,WR,6.5,0.6,11,0,0,0,0,1,-5,0,0,9,5,45,0,40,
Spencer Brown,CAR,RB,6.3,3.1,2,0,0,0,0,9,43,0,0,4,2,10,0,53,
Luke Farrell,JAX,TE,6,0.4,17,0,0,0,0,0,0,0,0,4,4,40,0,40,
Trevon Wesco,CHI,TE,5.6,0.4,14,0,0,0,0,0,0,0,0,4,2,26,0,26,
Stephen Sullivan,CAR,TE,5.6,0.4,14,0,0,0,0,0,0,0,0,6,2,46,0,46,
Anthony Brown,BAL,QB,5.6,2.8,2,22,302,0,2,3,-5,0,1,0,0,0,0,297,
Racey McMath,TEN,WR,5.4,1.1,5,0,0,0,0,1,4,0,0,8,2,40,0,44,
Patrick Taylor,GB,RB,5.3,0.4,14,0,0,0,0,10,31,0,0,1,1,17,0,48,
Tylan Wallace,BAL,WR,5.3,0.6,9,0,0,0,0,0,0,0,0,7,4,33,0,33,
Trestan Ebner,CHI,RB,5.2,0.3,17,0,0,0,0,24,54,0,1,8,2,8,0,62,
Anthony McFarland Jr.,PIT,RB,5.1,5.1,1,0,0,0,0,6,30,0,0,2,2,11,0,41,
Dwayne Washington,NO,RB,5,0.4,12,0,0,0,0,11,38,0,0,1,1,7,0,45,
Mike Thomas,CIN,WR,4.8,0.5,10,0,0,0,0,0,0,0,0,10,2,38,0,38,
Ryan Griffin,CHI,TE,4.6,0.3,15,0,0,0,0,0,0,0,0,8,4,26,0,26,
Tyler Davis,GB,TE,4.6,0.3,17,0,0,0,0,0,0,0,0,7,4,26,0,26,
Kendall Blanton,LAR,TE,4.5,1.1,4,0,0,0,0,0,0,0,0,2,2,35,0,35,
Kene Nwangwu,MIN,RB,4.5,0.3,17,0,0,0,0,9,14,0,0,2,2,21,0,35,
Tim Jones,JAX,WR,4.5,0.3,17,0,0,0,0,0,0,0,0,4,3,30,0,30,
Troy Hairston,HOU,RB,4.4,0.3,16,0,0,0,0,0,0,0,0,8,5,19,0,19,
Larry Rountree III,LAC,RB,4.3,1.1,4,0,0,0,0,13,19,0,0,2,2,14,0,33,
Jonathan Ward,ARI,RB,4.2,0.5,8,0,0,0,0,5,25,0,0,3,2,7,0,32,
Ben Ellefson,MIN,TE,4.1,1,4,0,0,0,0,0,0,0,0,3,3,26,0,26,
D'Ernest Johnson,CLE,RB,3.9,0.3,15,0,0,0,0,4,17,0,0,3,3,7,0,24,
Simi Fehoko,DAL,WR,3.9,0.8,5,0,0,0,0,0,0,0,0,4,3,24,0,24,
Tyrie Cleveland,DEN,WR,3.8,0.6,6,0,0,0,0,0,0,0,0,7,2,28,0,28,
Jaelon Darden,TB,WR,3.8,0.3,14,0,0,0,0,1,2,0,0,2,2,26,0,28,
Stone Smartt,LAC,TE,3.7,0.5,7,0,0,0,0,0,0,0,0,5,4,17,0,17,
Giovani Bernard,TB,RB,3.7,0.5,8,0,0,0,0,8,28,0,0,2,2,-1,0,27,
Penny Hart,SEA,WR,3.5,0.4,9,0,0,0,0,0,0,0,0,4,3,20,0,20,
Jakob Johnson,LV,RB,3.5,0.2,17,0,0,0,0,0,0,0,0,6,5,10,0,10,
Daylen Baldwin,CLE,WR,3.5,3.5,1,0,0,0,0,0,0,0,0,2,2,25,0,25,
Jesper Horsted,LV,TE,3.4,0.2,15,0,0,0,0,0,0,0,0,4,3,19,0,19,
Dezmon Patmon,IND,WR,3.4,3.4,1,0,0,0,0,0,0,0,0,6,2,24,0,24,
Dareke Young,SEA,WR,3.4,0.3,13,0,0,0,0,0,0,0,0,2,2,24,0,24,
Maxx Williams,ARI,TE,3.3,0.3,11,0,0,0,0,0,0,0,0,3,3,18,0,18,
Cole Turner,WAS,TE,3.3,0.3,10,0,0,0,0,0,0,0,0,9,2,23,0,23,
Adam Prentice,NO,RB,3.3,0.3,11,0,0,0,0,4,9,0,0,3,3,9,0,18,
Andy Isabella,ARI,WR,3.2,0.6,5,0,0,0,0,1,1,0,0,5,2,21,0,22,
Montrell Washington,DEN,WR,3.2,0.2,15,0,0,0,0,5,30,0,1,9,4,2,0,32,
Mike Davis,BAL,RB,3.2,0.4,8,0,0,0,0,8,18,0,0,2,2,4,0,22,
Pharoh Cooper,ARI,WR,3.1,0.6,5,0,0,0,0,4,15,0,0,2,2,6,0,21,
Cade Johnson,SEA,WR,3.1,1,3,0,0,0,0,0,0,0,0,4,2,21,0,21,
Lil'Jordan Humphrey,NE,WR,3,0.5,6,0,0,0,0,0,0,0,0,4,2,20,0,20,
Bryan Edwards,ATL,WR,3,0.4,7,0,0,0,0,0,0,0,0,5,3,15,0,15,
Michael Burton,KC,RB,2.8,0.2,17,0,0,0,0,5,7,0,0,3,2,11,0,18,
Keith Kirkwood,NO,WR,2.8,0.6,5,0,0,0,0,0,0,0,0,4,2,18,0,18,
DJ Turner,LV,WR,2.6,0.3,9,0,0,0,0,4,26,0,0,1,0,0,0,26,
Dennis Houston,DAL,WR,2.6,1.3,2,0,0,0,0,0,0,0,0,6,2,16,0,16,
Quintez Cephus,DET,WR,2.5,0.6,4,0,0,0,0,0,0,0,0,3,2,15,0,15,
Stephen Anderson,ARI,TE,2.4,0.1,16,0,0,0,0,0,0,0,0,7,3,9,0,9,
Nsimba Webster,CHI,WR,2.4,1.2,2,0,0,0,0,0,0,0,0,3,2,14,0,14,
Danny Gray,SF,WR,2.4,0.2,13,0,0,0,0,1,9,0,0,7,1,10,0,19,
Austin Trammell,LAR,WR,2.3,0.4,6,0,0,0,0,0,0,0,0,4,2,13,0,13,
Juwann Winfree,GB,WR,2.2,0.7,3,0,0,0,0,0,0,0,0,4,1,17,0,17,
J.J. Taylor,NE,RB,2.2,2.2,1,0,0,0,0,10,9,0,0,1,1,8,0,17,
Jalen Tolbert,DAL,WR,2.2,0.3,8,0,0,0,0,0,0,0,0,3,2,12,0,12,
Miles Boykin,PIT,WR,2.1,0.1,16,0,0,0,0,0,0,0,0,3,2,11,0,11,
Sean McKeon,DAL,TE,2.1,0.2,13,0,0,0,0,0,0,0,0,3,2,11,0,11,
Ty Chandler,MIN,RB,2,0.7,3,0,0,0,0,6,20,0,0,0,0,0,0,20,
Frank Darby,ATL,WR,2,0.4,5,0,0,0,0,0,0,0,0,1,1,15,0,15,
Trey Sermon,PHI,RB,1.9,0.9,2,0,0,0,0,2,19,0,0,0,0,0,0,19,
Nick Foles,IND,QB,1.8,0.6,3,25,224,0,4,2,8,0,0,0,0,0,0,232,
Mason Schreck,HOU,TE,1.6,0.5,3,0,0,0,0,0,0,0,0,2,2,6,0,6,
Keith Smith,ATL,RB,1.5,0.1,17,0,0,0,0,1,2,0,0,2,1,8,0,10,
Devin Asiasi,CIN,TE,1.5,0.1,12,0,0,0,0,0,0,0,0,4,2,5,0,5,
Brian Hoyer,NE,QB,1.5,1.5,1,5,37,0,0,0,0,0,0,0,0,0,0,37,
Jason Cabinda,DET,RB,1.4,0.2,8,0,0,0,0,1,4,0,0,4,1,5,0,9,
Demetric Felton Jr.,CLE,RB,1.4,0.2,8,0,0,0,0,1,-4,0,0,4,2,8,0,4,
Tyron Johnson,LV,WR,1.3,0.3,4,0,0,0,0,0,0,0,0,1,1,8,0,8,
Jeremy Ruckert,NYJ,TE,1.3,0.1,9,0,0,0,0,0,0,0,0,2,1,8,0,8,
Godwin Igwebuike,SEA,RB,1.2,0.2,5,0,0,0,0,3,4,0,0,1,1,3,0,7,
Devine Ozigbo,DEN,RB,1.2,0.3,4,0,0,0,0,3,4,0,0,1,1,3,0,7,
Tommy Sweeney,BUF,TE,1.2,0.2,5,0,0,0,0,0,0,0,0,1,1,7,0,7,
Jalen Camp,HOU,WR,1.2,0.6,2,0,0,0,0,0,0,0,0,1,1,7,0,7,
Jerome Ford,CLE,RB,1.2,0.1,13,0,0,0,0,8,12,0,0,0,0,0,0,12,
Maurice Alexander,DET,WR,1.2,0.3,4,0,0,0,0,0,0,0,0,1,1,7,0,7,
C.J. Board,TEN,WR,1.1,0.3,4,0,0,0,0,0,0,0,0,1,1,6,0,6,
Jacob Harris,LAR,WR,1.1,0.2,7,0,0,0,0,0,0,0,0,1,1,6,0,6,
Jason Moore Jr.,LAC,WR,1,0.2,6,0,0,0,0,0,0,0,0,2,1,5,0,5,
Ty'Son Williams,ARI,RB,1,1,1,0,0,0,0,0,0,0,0,1,1,5,0,5,
Kyle Trask,TB,QB,0.9,0.9,1,3,23,0,0,0,0,0,0,0,0,0,0,23,
Richard Rodgers,LAC,TE,0.9,0.1,10,0,0,0,0,0,0,0,0,3,1,4,0,4,
Reggie Bonnafon,WAS,RB,0.8,0.8,1,0,0,0,0,3,8,0,0,0,0,0,0,8,
Drew Sample,CIN,TE,0.8,0.4,2,0,0,0,0,0,0,0,0,2,2,-2,0,-2,
Mason Kinsey,TEN,WR,0.8,0.4,2,0,0,0,0,0,0,0,0,1,1,3,0,3,
Erik Ezukanma,MIA,WR,0.8,0.8,1,0,0,0,0,0,0,0,0,1,1,3,0,3,
Brandon Allen,CIN,QB,0.8,0.8,1,3,22,0,0,3,-1,0,0,0,0,0,0,21,
Josh Johnson,SF,QB,0.7,0.3,2,1,10,0,0,2,3,0,0,0,0,0,0,13,
Kylin Hill,GB,RB,0.7,0.3,2,0,0,0,0,1,7,0,0,0,0,0,0,7,
Cody White,PIT,WR,0.7,0.7,1,0,0,0,0,0,0,0,0,1,1,2,0,2,
Braylon Sanders,MIA,WR,0.7,0.2,3,0,0,0,0,0,0,0,1,3,2,17,0,17,
Keke Coutee,IND,WR,0.5,0.1,8,0,0,0,0,0,0,0,1,1,1,20,0,20,
Duke Johnson,BUF,RB,0.4,0.4,1,0,0,0,0,2,4,0,0,0,0,0,0,4,
Jacob Eason,CAR,QB,0.4,0.4,1,3,59,0,1,0,0,0,0,0,0,0,0,59,
Case Keenum,BUF,QB,0.3,0.2,2,2,8,0,0,5,0,0,0,0,0,0,0,8,
Deonte Harty,NO,WR,0.3,0.1,4,0,0,0,0,0,0,0,1,2,2,13,0,13,
Damien Williams,ATL,RB,0.2,0.2,1,0,0,0,0,2,2,0,0,0,0,0,0,2,
Jordan Howard,NO,RB,0.1,0.1,2,0,0,0,0,1,1,0,0,0,0,0,0,1,
Matthew Slater,NE,WR,0,0,17,0,0,0,0,0,0,0,0,0,0,0,0,0,
Andre Roberts,CAR,WR,0,0,3,0,0,0,0,0,0,0,0,0,0,0,0,0,
Josh Gordon,TEN,WR,0,0,2,0,0,0,0,0,0,0,0,1,0,0,0,0,
Willie Snead IV,SF,WR,0,0,4,0,0,0,0,0,0,0,0,0,0,0,0,0,
Jesse James,CLE,TE,0,0,2,0,0,0,0,0,0,0,0,0,0,0,0,0,
Nick Boyle,BAL,TE,0,0,12,0,0,0,0,0,0,0,0,0,0,0,0,0,
Rashard Higgins,CAR,WR,0,0,3,0,0,0,0,0,0,0,0,0,0,0,0,0,
Alex Erickson,WAS,WR,0,0,2,0,0,0,0,0,0,0,0,0,0,0,0,0,
J.P. Holtz,NO,TE,0,0,6,0,0,0,0,0,0,0,0,0,0,0,0,0,
Garrett Griffin,DET,TE,0,0,1,0,0,0,0,0,0,0,0,0,0,0,0,0,
Alex Armah,WAS,RB,0,0,3,0,0,0,0,0,0,0,0,0,0,0,0,0,
Cethan Carter,MIA,TE,0,0,1,0,0,0,0,0,0,0,0,0,0,0,0,0,
Jacob Hollister,MIN,TE,0,0,5,0,0,0,0,0,0,0,0,0,0,0,0,0,
Marcus Kemp,KC,WR,0,0,3,0,0,0,0,0,0,0,0,0,0,0,0,0,
Tanner Gentry,BUF,WR,0,0,3,0,0,0,0,0,0,0,0,1,0,0,0,0,
Brandon Zylstra,DET,WR,0,0,2,0,0,0,0,0,0,0,0,0,0,0,0,0,
James Washington,DAL,WR,0,0,2,0,0,0,0,0,0,0,0,1,0,0,0,0,
John Kelly Jr.,CLE,RB,0,0,1,0,0,0,0,0,0,0,0,0,0,0,0,0,
Javon Wims,ARI,WR,0,0,1,0,0,0,0,0,0,0,0,0,0,0,0,0,
Trenton Cannon,TEN,RB,0,0,2,0,0,0,0,0,0,0,0,0,0,0,0,0,
Logan Woodside,ATL,QB,0,0,1,0,0,0,0,0,0,0,0,0,0,0,0,0,
Kevin Rader,TEN,TE,0,0,14,0,0,0,0,0,0,0,0,0,0,0,0,0,
Malik Turner,SF,WR,0,0,3,0,0,0,0,0,0,0,0,0,0,0,0,0,
Tyree Jackson,PHI,TE,0,0,5,0,0,0,0,0,0,0,0,0,0,0,0,0,
Stanley Morgan,CIN,WR,0,0,14,0,0,0,0,0,0,0,0,1,0,0,0,0,
Qadree Ollison,DAL,RB,0,0,3,0,0,0,0,0,0,0,0,0,0,0,0,0,
Preston Williams,CAR,WR,0,0,1,0,0,0,0,0,0,0,0,0,0,0,0,0,
Cullen Gillaspia,SEA,RB,0,0,1,0,0,0,0,0,0,0,0,0,0,0,0,0,
Matt Sokol,NE,TE,0,0,3,0,0,0,0,0,0,0,0,0,0,0,0,0,
Khari Blasingame,CHI,RB,0,0,16,0,0,0,0,0,0,0,0,1,0,0,0,0,
Trinity Benson,DET,WR,0,0,1,0,0,0,0,0,0,0,0,0,0,0,0,0,
Tyler Johnson,HOU,WR,0,0,2,0,0,0,0,0,0,0,0,0,0,0,0,0,
Jared Pinkney,LAR,TE,0,0,4,0,0,0,0,0,0,0,0,0,0,0,0,0,
Binjimen Victor,BAL,WR,0,0,2,0,0,0,0,0,0,0,0,0,0,0,0,0,
Lynn Bowden Jr.,NE,WR,0,0,1,0,0,0,0,0,0,0,0,0,0,0,0,0,
Noah Togiai,PHI,TE,0,0,2,0,0,0,0,0,0,0,0,1,0,0,0,0,
Chase Allen,CHI,TE,0,0,1,0,0,0,0,0,0,0,0,0,0,0,0,0,
Rico Dowdle,DAL,RB,0,0,5,0,0,0,0,0,0,0,0,0,0,0,0,0,
Charlie Woerner,SF,TE,0,0,17,0,0,0,0,0,0,0,0,2,0,0,0,0,
Antonio Williams,NYG,RB,0,0,2,0,0,0,0,0,0,0,0,0,0,0,0,0,
Scotty Washington,NE,TE,0,0,1,0,0,0,0,0,0,0,0,0,0,0,0,0,
Kirk Merritt,NO,WR,0,0,4,0,0,0,0,0,0,0,0,0,0,0,0,0,
Dan Chisena,MIN,WR,0,0,2,0,0,0,0,0,0,0,0,0,0,0,0,0,
Feleipe Franks,ATL,TE,0,0,11,0,0,0,0,1,0,0,0,2,0,0,0,0,
Hunter Long,MIA,TE,0,0,9,0,0,0,0,0,0,0,0,0,0,0,0,0,
Kenny Yeboah,NYJ,TE,0,0,10,0,0,0,0,0,0,0,0,0,0,0,0,0,
Miller Forristall,CLE,TE,0,0,4,0,0,0,0,0,0,0,0,1,0,0,0,0,
D'Vonte Price,IND,RB,0,0,1,0,0,0,0,0,0,0,0,0,0,0,0,0,
Cornell Powell,KC,WR,0,0,3,0,0,0,0,0,0,0,0,0,0,0,0,0,
Dez Fitzpatrick,TEN,WR,0,0,1,0,0,0,0,0,0,0,0,0,0,0,0,0,
Johnny Johnson III,HOU,WR,0,0,1,0,0,0,0,0,0,0,0,0,0,0,0,0,
Kaylon Geiger,TB,WR,0,0,3,0,0,0,0,0,0,0,0,0,0,0,0,0,
Jake Funk,LAR,RB,0,0,6,0,0,0,0,0,0,0,0,0,0,0,0,0,
Tory Carter,TEN,RB,0,0,9,0,0,0,0,0,0,0,0,0,0,0,0,0,
Stanley Berryhill,DET,WR,0,0,4,0,0,0,0,0,0,0,0,0,0,0,0,0,
Britain Covey,PHI,WR,0,0,17,0,0,0,0,0,0,0,0,0,0,0,0,0,
Nikola Kalinic,IND,TE,0,0,7,0,0,0,0,0,0,0,0,0,0,0,0,0,
Nick Muse,MIN,TE,0,0,10,0,0,0,0,0,0,0,0,0,0,0,0,0,
Brittain Brown,LV,RB,0,0,6,0,0,0,0,0,0,0,0,0,0,0,0,0,
Lucas Krull,NO,TE,0,0,1,0,0,0,0,0,0,0,0,0,0,0,0,0,
Tay Martin,SF,WR,0,0,2,0,0,0,0,0,0,0,0,0,0,0,0,0,
Jake Tonges,CHI,TE,0,0,4,0,0,0,0,0,0,0,0,1,0,0,0,0,
Tanner Conner,MIA,TE,0,0,13,0,0,0,0,0,0,0,0,3,0,0,0,0,
Jared Bernhardt,ATL,WR,0,0,2,0,0,0,0,0,0,0,0,0,0,0,0,0,
Kyric McGowan,WAS,WR,0,0,2,0,0,0,0,0,0,0,0,0,0,0,0,0,
Kwamie Lassiter II,CIN,WR,0,0,1,0,0,0,0,0,0,0,0,0,0,0,0,0,
Roger Carter Jr.,LAR,TE,0,0,1,0,0,0,0,0,0,0,0,0,0,0,0,0,
Lance McCutcheon,LAR,WR,0,0,10,0,0,0,0,0,0,0,0,4,0,0,0,0,
Raleigh Webb,BAL,WR,0,0,12,0,0,0,0,0,0,0,0,0,0,0,0,0,
Ethan Fernea,IND,WR,0,0,1,0,0,0,0,0,0,0,0,0,0,0,0,0,
Josh Ali,ATL,WR,0,0,1,0,0,0,0,0,0,0,0,1,0,0,0,0,
Ihmir Smith-Marsette,CHI,WR,-0.1,0,8,0,0,0,0,1,-1,0,1,4,1,15,0,14,
Nate Sudfeld,DET,QB,-0.4,-0.2,2,0,0,0,0,5,-4,0,0,0,0,0,0,-4,
Chad Henne,KC,QB,-0.5,-0.2,3,0,0,0,0,5,-5,0,0,0,0,0,0,-5,
KaVontae Turpin,DAL,WR,-0.9,-0.1,17,0,0,0,0,3,17,0,2,2,1,9,0,26,
C.J. Beathard,JAX,QB,-1,-0.3,4,7,35,0,1,4,-4,0,0,0,0,0,0,31,
Taiwan Jones,BUF,RB,-2,-0.1,16,0,0,0,0,0,0,0,1,0,0,0,0,0,
Chester Rogers,CLE,WR,-2,-0.7,3,0,0,0,0,0,0,0,1,0,0,0,0,0,
Tim Boyle,CHI,QB,-2.9,-2.9,1,2,33,0,2,2,-2,0,0,0,0,0,0,31,